{
	"credit": "Made with Blockbench",
	"texture_size": [64, 32],
	"textures": {
		"0": "spawn_egg/mooshroom_spawn_egg",
		"particle": "spawn_egg/mooshroom_spawn_egg"
	},
	"elements": [
		{
			"name": "head",
			"from": [4, 0, 5],
			"to": [12, 8, 11],
			"rotation": {"angle": 0, "axis": "y", "origin": [8, -16, 19]},
			"faces": {
				"north": {"uv": [1.5, 3, 3.5, 7], "texture": "#0"},
				"east": {"uv": [0, 3, 1.5, 7], "texture": "#0"},
				"south": {"uv": [5, 3, 7, 7], "texture": "#0"},
				"west": {"uv": [3.5, 3, 5, 7], "texture": "#0"},
				"up": {"uv": [3.5, 3, 1.5, 0], "texture": "#0"},
				"down": {"uv": [5.5, 0, 3.5, 3], "texture": "#0"}
			}
		},
		{
			"name": "head",
			"from": [3, 6, 7],
			"to": [4, 9, 8],
			"rotation": {"angle": 0, "axis": "y", "origin": [8, -16, 19]},
			"faces": {
				"north": {"uv": [5.75, 0.5, 6, 2], "texture": "#0"},
				"east": {"uv": [5.5, 0.5, 5.75, 2], "texture": "#0"},
				"south": {"uv": [6.25, 0.5, 6.5, 2], "texture": "#0"},
				"west": {"uv": [6, 0.5, 6.25, 2], "texture": "#0"},
				"up": {"uv": [6, 0.5, 5.75, 0], "texture": "#0"},
				"down": {"uv": [6.25, 0, 6, 0.5], "texture": "#0"}
			}
		},
		{
			"name": "head",
			"from": [12, 6, 7],
			"to": [13, 9, 8],
			"rotation": {"angle": 0, "axis": "y", "origin": [8, -16, 19]},
			"faces": {
				"north": {"uv": [5.75, 0.5, 6, 2], "texture": "#0"},
				"east": {"uv": [5.5, 0.5, 5.75, 2], "texture": "#0"},
				"south": {"uv": [6.25, 0.5, 6.5, 2], "texture": "#0"},
				"west": {"uv": [6, 0.5, 6.25, 2], "texture": "#0"},
				"up": {"uv": [6, 0.5, 5.75, 0], "texture": "#0"},
				"down": {"uv": [6.25, 0, 6, 0.5], "texture": "#0"}
			}
		}
	],
	"gui_light": "front",
	"display": {
		"thirdperson_righthand": {
			"translation": [0, 3, 1],
			"scale": [0.55, 0.55, 0.55]
		},
		"thirdperson_lefthand": {
			"translation": [0, 3, 1],
			"scale": [0.55, 0.55, 0.55]
		},
		"firstperson_righthand": {
			"rotation": [0, 90, 0],
			"translation": [1.13, 3.5, 1.13],
			"scale": [0.68, 0.68, 0.68]
		},
		"firstperson_lefthand": {
			"rotation": [0, 90, 0],
			"translation": [1.13, 3.5, 1.13],
			"scale": [0.68, 0.68, 0.68]
		},
		"ground": {
			"translation": [0, 2, 0]
		},
		"gui": {
			"rotation": [30, 225, 0],
			"translation": [0, 2.5, 0]
		},
		"head": {
			"translation": [0, 12, 0]
		},
		"fixed": {
			"translation": [0, 3, 0]
		}
	},
	"groups": [
		{
			"name": "head",
			"origin": [0, 20, -8],
			"children": [0, 1, 2]
		}
	]
}