{
	"credit": "Made with Blockbench",
	"texture_size": [64, 32],
	"textures": {
		"0": "spawn_egg/rabbit_spwan_egg",
		"particle": "spawn_egg/rabbit_spwan_egg"
	},
	"elements": [
		{
			"name": "head",
			"from": [5.5, 0, 6],
			"to": [10.5, 4, 11],
			"rotation": {"angle": 0, "axis": "y", "origin": [8, -8, 12]},
			"faces": {
				"north": {"uv": [9.25, 2.5, 10.5, 4.5], "texture": "#0"},
				"east": {"uv": [8, 2.5, 9.25, 4.5], "texture": "#0"},
				"south": {"uv": [11.75, 2.5, 13, 4.5], "texture": "#0"},
				"west": {"uv": [10.5, 2.5, 11.75, 4.5], "texture": "#0"},
				"up": {"uv": [10.5, 2.5, 9.25, 0], "texture": "#0"},
				"down": {"uv": [11.75, 0, 10.5, 2.5], "texture": "#0"}
			}
		},
		{
			"name": "right_ear",
			"from": [8.5, 4, 10],
			"to": [10.5, 9, 11],
			"rotation": {"angle": 0, "axis": "y", "origin": [8, -8, 12]},
			"faces": {
				"north": {"uv": [13.25, 0.5, 13.75, 3], "texture": "#0"},
				"east": {"uv": [13, 0.5, 13.25, 3], "texture": "#0"},
				"south": {"uv": [14, 0.5, 14.5, 3], "texture": "#0"},
				"west": {"uv": [13.75, 0.5, 14, 3], "texture": "#0"},
				"up": {"uv": [13.75, 0.5, 13.25, 0], "texture": "#0"},
				"down": {"uv": [14.25, 0, 13.75, 0.5], "texture": "#0"}
			}
		},
		{
			"name": "left_ear",
			"from": [5.5, 4, 10],
			"to": [7.5, 9, 11],
			"rotation": {"angle": 0, "axis": "y", "origin": [8, -8, 12]},
			"faces": {
				"north": {"uv": [14.75, 0.5, 15.25, 3], "texture": "#0"},
				"east": {"uv": [14.5, 0.5, 14.75, 3], "texture": "#0"},
				"south": {"uv": [15.5, 0.5, 16, 3], "texture": "#0"},
				"west": {"uv": [15.25, 0.5, 15.5, 3], "texture": "#0"},
				"up": {"uv": [15.25, 0.5, 14.75, 0], "texture": "#0"},
				"down": {"uv": [15.75, 0, 15.25, 0.5], "texture": "#0"}
			}
		},
		{
			"name": "nose",
			"from": [7.5, 1.5, 5.5],
			"to": [8.5, 2.5, 6.5],
			"rotation": {"angle": 0, "axis": "y", "origin": [8, -8, 12]},
			"faces": {
				"north": {"uv": [8.25, 5, 8.5, 5.5], "texture": "#0"},
				"east": {"uv": [8, 5, 8.25, 5.5], "texture": "#0"},
				"west": {"uv": [8.5, 5, 8.75, 5.5], "texture": "#0"},
				"up": {"uv": [8.5, 5, 8.25, 4.5], "texture": "#0"},
				"down": {"uv": [8.75, 4.5, 8.5, 5], "texture": "#0"}
			}
		}
	],
	"gui_light": "front",
	"display": {
		"thirdperson_righthand": {
			"translation": [0, 3, 0],
			"scale": [0.55, 0.55, 0.55]
		},
		"thirdperson_lefthand": {
			"translation": [0, 3, 0],
			"scale": [0.55, 0.55, 0.55]
		},
		"firstperson_righthand": {
			"rotation": [0, 90, 0],
			"translation": [1.13, 5, 1.13],
			"scale": [0.68, 0.68, 0.68]
		},
		"firstperson_lefthand": {
			"rotation": [0, 90, 0],
			"translation": [1.13, 5, 1.13],
			"scale": [0.68, 0.68, 0.68]
		},
		"ground": {
			"translation": [0, 2, 0]
		},
		"gui": {
			"rotation": [30, 225, 0],
			"translation": [0, 2.5, 0]
		},
		"head": {
			"translation": [0, 13, 0]
		},
		"fixed": {
			"translation": [0, 4, -2.25]
		}
	},
	"groups": [
		{
			"name": "head",
			"origin": [0, 8, -1],
			"children": [0]
		},
		{
			"name": "right_ear",
			"origin": [0, 8, -1],
			"children": [1]
		},
		{
			"name": "left_ear",
			"origin": [0, 8, -1],
			"children": [2]
		},
		{
			"name": "nose",
			"origin": [0, 8, -1],
			"children": [3]
		}
	]
}